{
	"credit": "Made with Blockbench",
	"texture_size": [32, 32],
	"textures": {
		"0": "block/aureus",
		"particle": "block/aureus"
	},
	"elements": [
		{
			"name": "brick",
			"from": [0, 0, 0],
			"to": [8, 5, 16],
			"rotation": {"angle": 0, "axis": "y", "origin": [4, 2.5, 8]},
			"faces": {
				"north": {"uv": [0, 0, 4, 2.5], "texture": "#0"},
				"east": {"uv": [0, 0, 8, 2.5], "texture": "#0"},
				"south": {"uv": [0, 0, 4, 2.5], "texture": "#0"},
				"west": {"uv": [0, 0, 8, 2.5], "texture": "#0"},
				"up": {"uv": [0, 0, 8, 4], "rotation": 90, "texture": "#0"},
				"down": {"uv": [0, 0, 8, 4], "rotation": 270, "texture": "#0"}
			}
		},
		{
			"name": "brick",
			"from": [4, 5, 0],
			"to": [12, 10, 16],
			"rotation": {"angle": 0, "axis": "y", "origin": [8, 7.5, 8]},
			"faces": {
				"north": {"uv": [0, 0, 4, 2.5], "texture": "#0"},
				"east": {"uv": [0, 0, 8, 2.5], "texture": "#0"},
				"south": {"uv": [0, 0, 4, 2.5], "texture": "#0"},
				"west": {"uv": [0, 0, 8, 2.5], "texture": "#0"},
				"up": {"uv": [0, 0, 8, 4], "rotation": 90, "texture": "#0"},
				"down": {"uv": [0, 0, 8, 4], "rotation": 270, "texture": "#0"}
			}
		},
		{
			"name": "brick",
			"from": [8, 0, 0],
			"to": [16, 5, 16],
			"rotation": {"angle": 0, "axis": "y", "origin": [12, 2.5, 8]},
			"faces": {
				"north": {"uv": [8, 5, 12, 7.5], "texture": "#0"},
				"east": {"uv": [8, 0, 16, 2.5], "texture": "#0"},
				"south": {"uv": [8, 2.5, 12, 5], "texture": "#0"},
				"west": {"uv": [0, 8, 8, 10.5], "texture": "#0"},
				"up": {"uv": [4, 8, 0, 0], "rotation": 180, "texture": "#0"},
				"down": {"uv": [8, 0, 4, 8], "rotation": 180, "texture": "#0"}
			}
		}
	],
	"display": {
		"thirdperson_righthand": {
			"rotation": [19, 1, 0],
			"translation": [0, -1, -3.5],
			"scale": [0.4375, 0.4375, 0.4375]
		},
		"thirdperson_lefthand": {
			"rotation": [19, 1, 0],
			"translation": [0, -1, -3.5],
			"scale": [0.4375, 0.4375, 0.4375]
		},
		"firstperson_righthand": {
			"translation": [-1.75, 5, -0.25],
			"scale": [0.4375, 0.4375, 0.4375]
		},
		"firstperson_lefthand": {
			"translation": [-1.75, 5, -0.25],
			"scale": [0.4375, 0.4375, 0.4375]
		},
		"ground": {
			"translation": [0, 2.375, 0],
			"scale": [0.625, 0.625, 0.625]
		},
		"gui": {
			"translation": [0, 3, 0]
		},
		"head": {
			"translation": [0, 14.25, 0]
		},
		"fixed": {
			"translation": [0, 2.25, 0]
		}
	}
}